loss,phon_loss,phon_cosine_similarity,phon_euclidean_distance,phon_feature_accuracy,phon_phoneme_wise_accuracy,phon_word_accuracy,closest_phoneme_l1_accuracy,closest_phoneme_l2_accuracy,closest_phoneme_cosine_accuracy
0.7923020124435425,0.7923020124435425,0.18325109779834747,4.1792683601379395,0.4685606062412262,0.0,0.0,0.02500000037252903,0.02500000037252903,0.2549999952316284
0.645763635635376,0.645763635635376,0.1590413749217987,3.534327507019043,0.6181331872940063,0.0,0.0,0.02139037474989891,0.02139037474989891,0.28877004981040955
0.5646278262138367,0.5646278262138367,0.22117210924625397,3.046809434890747,0.7150194644927979,0.0,0.0,0.016949152573943138,0.016949152573943138,0.4624697268009186
0.5129488706588745,0.5129488706588745,0.227828711271286,2.6972360610961914,0.7760605812072754,0.0,0.0,0.007499999832361937,0.007499999832361937,0.4749999940395355
0.48024681210517883,0.48024681210517883,0.21750998497009277,2.4483773708343506,0.8149802684783936,0.0,0.0,0.009828009642660618,0.009828009642660618,0.5159705281257629
0.4542299509048462,0.4542299509048462,0.2815530300140381,2.134639263153076,0.8586629629135132,0.0,0.0,0.005089058540761471,0.005089058540761471,0.6895674467086792
0.4326087534427643,0.4326087534427643,0.2755153775215149,2.0202603340148926,0.8736023306846619,0.0,0.0,0.01604278013110161,0.01604278013110161,0.6096256971359253
0.4188879430294037,0.4188879430294037,0.3151809871196747,1.8643770217895508,0.8912307620048523,0.0,0.0,0.013966480270028114,0.013966480270028114,0.6759776473045349
0.4060801565647125,0.4060801565647125,0.3136567175388336,1.7613940238952637,0.9028812646865845,0.0,0.0,0.013661202043294907,0.013661202043294907,0.6065573692321777
0.38856592774391174,0.38856592774391174,0.35402292013168335,1.7017879486083984,0.9092578887939453,0.0,0.0,0.013774104416370392,0.013774104416370392,0.6831955909729004
0.3808700442314148,0.3808700442314148,0.3355932831764221,1.6930118799209595,0.9103277921676636,0.0,0.0,0.008746355772018433,0.008746355772018433,0.6326530575752258
0.378347247838974,0.378347247838974,0.3553556203842163,1.7295886278152466,0.906052827835083,0.0,0.0,0.005141388159245253,0.005141388159245253,0.5501285195350647
0.3590807318687439,0.3590807318687439,0.3893917202949524,1.6001166105270386,0.9205963611602783,0.0,0.0,0.005347593687474728,0.005347593687474728,0.6791443824768066
0.36357834935188293,0.36357834935188293,0.32220274209976196,1.658230185508728,0.914283275604248,0.0,0.0,0.0,0.0,0.5421348214149475
0.3581660985946655,0.3581660985946655,0.31262409687042236,1.6706634759902954,0.9131213426589966,0.0,0.0,0.007389162667095661,0.007389162667095661,0.5147783160209656
0.35717782378196716,0.35717782378196716,0.26347729563713074,1.7053216695785522,0.909649133682251,0.0,0.0,0.005263158120214939,0.005263158120214939,0.44736841320991516
0.357740193605423,0.357740193605423,0.24472752213478088,1.7162030935287476,0.9083922505378723,0.0,0.0,0.0028818442951887846,0.0028818442951887846,0.4149855971336365
0.3447709381580353,0.3447709381580353,0.2498347908258438,1.6632767915725708,0.9145021438598633,0.0,0.0,0.0,0.0,0.42307692766189575
0.33423230051994324,0.33423230051994324,0.29381871223449707,1.6487468481063843,0.9154908061027527,0.0,0.0,0.0,0.0,0.508905827999115
0.33501946926116943,0.33501946926116943,0.27658811211586,1.6578633785247803,0.9141280651092529,0.0,0.0,0.0,0.0,0.5092348456382751
0.3305169343948364,0.3305169343948364,0.32180577516555786,1.6322829723358154,0.9171571731567383,0.0,0.0,0.0,0.0,0.5341726541519165
0.33358752727508545,0.33358752727508545,0.24622906744480133,1.7072978019714355,0.909490704536438,0.0,0.0,0.0052770450711250305,0.0052770450711250305,0.42216357588768005
0.3345279097557068,0.3345279097557068,0.28129276633262634,1.733119010925293,0.906546950340271,0.0,0.0,0.0024691359139978886,0.0024691359139978886,0.4148148000240326
0.3257935047149658,0.3257935047149658,0.26303476095199585,1.6854161024093628,0.9117896556854248,0.0,0.0,0.0025445292703807354,0.0025445292703807354,0.3994911015033722
0.3178057074546814,0.3178057074546814,0.3727823495864868,1.6278562545776367,0.9167317748069763,0.0,0.0,0.008595988154411316,0.008595988154411316,0.6590257883071899
0.3120604455471039,0.3120604455471039,0.35072940587997437,1.6166213750839233,0.9183784127235413,0.0,0.0,0.0044742729514837265,0.0044742729514837265,0.6196867823600769
0.30779463052749634,0.30779463052749634,0.3444356322288513,1.6104435920715332,0.9193643927574158,0.0,0.0,0.007317073177546263,0.007317073177546263,0.6195122003555298
0.3067563772201538,0.3067563772201538,0.36315831542015076,1.616078495979309,0.9184740781784058,0.0,0.0,0.0,0.0,0.6472080945968628
0.3140096366405487,0.3140096366405487,0.3722544312477112,1.6680792570114136,0.9132195711135864,0.0,0.0,0.0,0.0,0.5784061551094055
0.30621135234832764,0.30621135234832764,0.35016557574272156,1.6331478357315063,0.9170749187469482,0.0,0.0,0.0,0.0,0.5718562602996826
0.30861741304397583,0.30861741304397583,0.32694289088249207,1.6761802434921265,0.9117995500564575,0.0,0.0,0.0,0.0,0.589385449886322
0.31284892559051514,0.31284892559051514,0.36494794487953186,1.6695319414138794,0.9123212099075317,0.0,0.0,0.0,0.0,0.6142131686210632
0.3044968247413635,0.3044968247413635,0.30375272035598755,1.6747238636016846,0.9126231670379639,0.0,0.0,0.0,0.0,0.5255623459815979
0.31969383358955383,0.31969383358955383,0.2712227404117584,1.7384992837905884,0.9056437611579895,0.0,0.0,0.0,0.0,0.44708994030952454
0.306205153465271,0.306205153465271,0.293099582195282,1.6910818815231323,0.9108296036720276,0.0,0.0,0.0,0.0,0.5081967115402222
0.3100593686103821,0.3100593686103821,0.26925837993621826,1.712087869644165,0.9088601469993591,0.0,0.0,0.0,0.0,0.4568527936935425
0.31025123596191406,0.31025123596191406,0.27577146887779236,1.7250909805297852,0.9070758819580078,0.0,0.0,0.0,0.0,0.46547314524650574
0.31684982776641846,0.31684982776641846,0.28114238381385803,1.75849187374115,0.9036481380462646,0.0,0.0,0.0,0.0,0.4150485396385193
0.30210715532302856,0.30210715532302856,0.32589203119277954,1.6772425174713135,0.9123232364654541,0.0,0.0,0.0,0.0,0.5093333125114441
0.29474061727523804,0.29474061727523804,0.3638128638267517,1.6258777379989624,0.917311429977417,0.0,0.0,0.0,0.0,0.5319148898124695
0.29186445474624634,0.29186445474624634,0.3986928164958954,1.6085413694381714,0.918849527835846,0.0,0.0,0.0,0.0,0.7118644118309021
0.30658838152885437,0.30658838152885437,0.3736666738986969,1.6874160766601562,0.9106305837631226,0.0,0.0,0.004618937615305185,0.004618937615305185,0.570438802242279
0.29830190539360046,0.29830190539360046,0.37103989720344543,1.6469426155090332,0.9150547981262207,0.0,0.0,0.0,0.0,0.5957446694374084
0.29873451590538025,0.29873451590538025,0.29402345418930054,1.6780970096588135,0.9126262664794922,0.0,0.0,0.0023809524718672037,0.0023809524718672037,0.48571428656578064
0.2996795177459717,0.2996795177459717,0.24249961972236633,1.7111101150512695,0.9089152216911316,0.0,0.0,0.0,0.0,0.43478259444236755
0.2929421365261078,0.2929421365261078,0.24499927461147308,1.6800599098205566,0.9123408198356628,0.0,0.0,0.0,0.0,0.426086962223053
0.3012877404689789,0.3012877404689789,0.25410962104797363,1.7041276693344116,0.9090909361839294,0.0,0.0,0.0,0.0,0.46348315477371216
0.28816115856170654,0.28816115856170654,0.27723610401153564,1.6523408889770508,0.9153972268104553,0.0,0.0,0.0,0.0,0.4648648500442505
0.27917030453681946,0.27917030453681946,0.348907470703125,1.611777424812317,0.9193413853645325,0.0,0.0,0.0,0.0,0.6131078004837036
0.28471794724464417,0.28471794724464417,0.35252299904823303,1.6311026811599731,0.9172126650810242,0.0,0.0,0.0022522523067891598,0.0022522523067891598,0.5720720887184143
0.28993451595306396,0.28993451595306396,0.36257678270339966,1.6374214887619019,0.9154704809188843,0.0,0.0,0.0030959751456975937,0.0030959751456975937,0.4829721450805664
0.2840700149536133,0.2840700149536133,0.31360337138175964,1.6496820449829102,0.9151007533073425,0.0,0.0,0.0,0.0,0.49162012338638306
0.2676381468772888,0.2676381468772888,0.2923097312450409,1.6133968830108643,0.9195494651794434,0.0,0.0,0.0029498524963855743,0.0029498524963855743,0.5398229956626892
0.27848020195961,0.27848020195961,0.34898436069488525,1.6327801942825317,0.9164395928382874,0.0,0.0,0.01089918240904808,0.01089918240904808,0.6130790114402771
0.2786405384540558,0.2786405384540558,0.37629905343055725,1.643728494644165,0.9147727489471436,0.0,0.0,0.011904762126505375,0.011904762126505375,0.6785714030265808
0.2664959132671356,0.2664959132671356,0.34978803992271423,1.6054673194885254,0.9201832413673401,0.0,0.0,0.0,0.0,0.6233421564102173
0.2680489420890808,0.2680489420890808,0.367957204580307,1.6023308038711548,0.9201251864433289,0.0,0.0,0.0,0.0,0.66576087474823
0.2703382968902588,0.2703382968902588,0.3756626844406128,1.6093562841415405,0.9191033244132996,0.0,0.0,0.002923976629972458,0.002923976629972458,0.6842105388641357
0.2776584029197693,0.2776584029197693,0.3876170516014099,1.6125562191009521,0.9184629917144775,0.0,0.0,0.0,0.0,0.6829897165298462
0.28054550290107727,0.28054550290107727,0.3313720226287842,1.656254529953003,0.9147356152534485,0.0,0.0,0.0,0.0,0.5367646813392639
0.27408385276794434,0.27408385276794434,0.395603746175766,1.6194038391113281,0.9175878167152405,0.0,0.0,0.0,0.0,0.7047146558761597
0.26966744661331177,0.26966744661331177,0.3719445765018463,1.607642412185669,0.919594943523407,0.0,0.0,0.0,0.0,0.6483790278434753
0.26180967688560486,0.26180967688560486,0.349467396736145,1.596138596534729,0.9208133816719055,0.0,0.0,0.0026315790601074696,0.0026315790601074696,0.6263157725334167
0.2730810344219208,0.2730810344219208,0.3662755787372589,1.6248764991760254,0.9175400137901306,0.0,0.0,0.0,0.0,0.6380696892738342
0.2656729221343994,0.2656729221343994,0.3503152132034302,1.6266512870788574,0.9174421429634094,0.0,0.0,0.0,0.0,0.6036745309829712
0.2623540461063385,0.2623540461063385,0.34871917963027954,1.6290380954742432,0.9170829057693481,0.0,0.0,0.0,0.0,0.6236263513565063
0.2725929915904999,0.2725929915904999,0.3487963080406189,1.6427491903305054,0.9150673151016235,0.0,0.0,0.0027777778450399637,0.0027777778450399637,0.6138888597488403
0.2868098318576813,0.2868098318576813,0.32583993673324585,1.6771470308303833,0.9114973545074463,0.0,0.0,0.0,0.0,0.5647059082984924
0.29151642322540283,0.29151642322540283,0.30783796310424805,1.7135711908340454,0.9077579379081726,0.0,0.0,0.0,0.0,0.5278592109680176
0.27643629908561707,0.27643629908561707,0.25787100195884705,1.6908836364746094,0.9111859202384949,0.0,0.0,0.0,0.0,0.40740740299224854
0.2694101631641388,0.2694101631641388,0.25660276412963867,1.6783784627914429,0.9123111367225647,0.0,0.0,0.0,0.0,0.46321526169776917
0.278150349855423,0.278150349855423,0.26652249693870544,1.7098896503448486,0.908869743347168,0.0,0.0,0.0,0.0,0.4428223967552185
0.25980961322784424,0.25980961322784424,0.25142818689346313,1.6505926847457886,0.9157223105430603,0.0,0.0,0.0,0.0,0.4542936384677887
0.2610684037208557,0.2610684037208557,0.28071582317352295,1.6490510702133179,0.9151515364646912,0.0,0.0,0.0,0.0,0.5135802626609802
0.26662561297416687,0.26662561297416687,0.2592630088329315,1.6758558750152588,0.9126559495925903,0.0,0.0,0.010695187374949455,0.010695187374949455,0.4518716633319855
0.27689018845558167,0.27689018845558167,0.2898392975330353,1.7052110433578491,0.9096441268920898,0.0,0.0,0.006085192784667015,0.006085192784667015,0.4279918968677521
0.26057201623916626,0.26057201623916626,0.2561606168746948,1.6551976203918457,0.9150197505950928,0.0,0.0,0.012077294290065765,0.012077294290065765,0.4275362193584442
0.28274500370025635,0.28274500370025635,0.2442287653684616,1.7208811044692993,0.9070867300033569,0.0,0.0,0.018518518656492233,0.018518518656492233,0.43915343284606934
0.2928485870361328,0.2928485870361328,0.2828476130962372,1.7307978868484497,0.9053133130073547,0.0,0.0,0.06233062222599983,0.06233062222599983,0.49864497780799866
0.2874431312084198,0.2874431312084198,0.2619628608226776,1.7227897644042969,0.9062106013298035,0.0,0.0,0.05544554442167282,0.05544554442167282,0.47722771763801575
0.2800711393356323,0.2800711393356323,0.24219262599945068,1.6996725797653198,0.9088510274887085,0.0,0.0,0.08179419487714767,0.08179419487714767,0.4670184552669525
0.2958604693412781,0.2958604693412781,0.2733766734600067,1.7400538921356201,0.9039108753204346,0.0,0.0,0.0683760717511177,0.0683760717511177,0.47863247990608215
0.28311917185783386,0.28311917185783386,0.2716744840145111,1.7158156633377075,0.9070960283279419,0.0,0.0,0.043887145817279816,0.043887145817279816,0.4952978193759918
0.2662486732006073,0.2662486732006073,0.26670601963996887,1.6653966903686523,0.913019061088562,0.0,0.0,0.03703703731298447,0.03703703731298447,0.5264550447463989
0.26825883984565735,0.26825883984565735,0.2242499440908432,1.7032158374786377,0.9099525809288025,0.0,0.0,0.016587678343057632,0.016587678343057632,0.3744075894355774
0.26002174615859985,0.26002174615859985,0.2579132318496704,1.6750949621200562,0.9126426577568054,0.0,0.0,0.01246882788836956,0.01246882788836956,0.48129674792289734
0.27424344420433044,0.27424344420433044,0.2409568428993225,1.7187321186065674,0.9073355793952942,0.0,0.0,0.015243902802467346,0.015243902802467346,0.4481707215309143
0.26705849170684814,0.26705849170684814,0.23674185574054718,1.7023189067840576,0.9100009202957153,0.0,0.0,0.0030030030757188797,0.0030030030757188797,0.4114114046096802
0.2473074346780777,0.2473074346780777,0.2806735038757324,1.625324010848999,0.9185032248497009,0.0,0.0,0.007575757801532745,0.007575757801532745,0.5126262903213501
0.25032708048820496,0.25032708048820496,0.24679309129714966,1.6563483476638794,0.9149877429008484,0.0,0.0,0.0054054055362939835,0.0054054055362939835,0.4567567706108093
0.261927992105484,0.261927992105484,0.27277663350105286,1.6708649396896362,0.9127209782600403,0.0,0.0,0.0078125,0.0078125,0.5
0.26253536343574524,0.26253536343574524,0.2719072103500366,1.676343321800232,0.9123829007148743,0.0,0.0,0.002785515272989869,0.002785515272989869,0.48746517300605774
0.24965153634548187,0.24965153634548187,0.21083518862724304,1.6640386581420898,0.9140923619270325,0.0,0.0,0.021844660863280296,0.021844660863280296,0.4223301112651825
0.25921323895454407,0.25921323895454407,0.1740541011095047,1.7015396356582642,0.9099741578102112,0.0,0.0,0.029147982597351074,0.029147982597351074,0.3363228738307953
0.25283268094062805,0.25283268094062805,0.18646839261054993,1.6914161443710327,0.910598874092102,0.0,0.0,0.04739336669445038,0.04739336669445038,0.40758293867111206
0.25745007395744324,0.25745007395744324,0.16019472479820251,1.7049250602722168,0.9088760018348694,0.0,0.0,0.044917259365320206,0.044917259365320206,0.37352246046066284
0.25459423661231995,0.25459423661231995,0.1386369913816452,1.6698517799377441,0.9118586182594299,0.0,0.0,0.09836065769195557,0.09836065769195557,0.44262295961380005
0.26098164916038513,0.26098164916038513,0.12271547317504883,1.660175085067749,0.9119834899902344,0.0,0.0,0.1090909093618393,0.1090909093618393,0.5159090757369995
0.2554439306259155,0.2554439306259155,0.06270895153284073,1.6289992332458496,0.9146149158477783,0.0,0.0,0.171875,0.171875,0.53125
0.2549879252910614,0.2549879252910614,0.0714983269572258,1.6414581537246704,0.9127066135406494,0.0,0.0,0.17045454680919647,0.17045454680919647,0.5880681872367859
0.2654299736022949,0.2654299736022949,0.06236279010772705,1.6795705556869507,0.9083538055419922,0.0,0.0,0.16486486792564392,0.16486486792564392,0.5189189314842224
0.25973063707351685,0.25973063707351685,0.05068960040807724,1.6439627408981323,0.9124885201454163,0.0,0.0,0.17272727191448212,0.17272727191448212,0.5
0.2565602660179138,0.2565602660179138,0.05857007950544357,1.644788146018982,0.9117568731307983,0.0,0.0,0.1671554297208786,0.1671554297208786,0.5425220131874084
0.2650148868560791,0.2650148868560791,0.04195699095726013,1.6830500364303589,0.907687246799469,0.0,0.0,0.1634877324104309,0.1634877324104309,0.5068119764328003
0.26840895414352417,0.26840895414352417,0.06107800453901291,1.7044824361801147,0.9067496061325073,0.0,0.0,0.13245032727718353,0.13245032727718353,0.41501104831695557
0.24521592259407043,0.24521592259407043,0.08054808527231216,1.614803671836853,0.916325032711029,0.0,0.0,0.15649867057800293,0.15649867057800293,0.5649867653846741
0.2580350637435913,0.2580350637435913,0.1364714801311493,1.6487083435058594,0.9133070111274719,0.0,0.0,0.12391304224729538,0.12391304224729538,0.47826087474823
0.27211737632751465,0.27211737632751465,0.1895844042301178,1.6854817867279053,0.9094659686088562,0.0,0.0,0.12128712981939316,0.12128712981939316,0.5247524976730347
0.26661238074302673,0.26661238074302673,0.21447741985321045,1.6470309495925903,0.9142309427261353,0.0,0.0,0.0835443064570427,0.0835443064570427,0.5898734331130981
0.2686891257762909,0.2686891257762909,0.2163093239068985,1.6722484827041626,0.9119042158126831,0.0,0.0,0.06366048008203506,0.06366048008203506,0.511936366558075
0.26903942227363586,0.26903942227363586,0.22856378555297852,1.6931490898132324,0.9102166891098022,0.0,0.0,0.030959751456975937,0.030959751456975937,0.45820432901382446
0.24997003376483917,0.24997003376483917,0.28085562586784363,1.6123758554458618,0.9195048809051514,0.0,0.0,0.01690140925347805,0.01690140925347805,0.5323943495750427
0.2709027826786041,0.2709027826786041,0.25994211435317993,1.717754602432251,0.908172607421875,0.0,0.0,0.0,0.0,0.38787877559661865
0.26537859439849854,0.26537859439849854,0.34568262100219727,1.6496241092681885,0.9146914482116699,0.0,0.0,0.0033003301359713078,0.0033003301359713078,0.46204620599746704
0.25652748346328735,0.25652748346328735,0.38094598054885864,1.6390995979309082,0.9154704809188843,0.0,0.0,0.0,0.0,0.7368420958518982
0.30706811845302584,0.30706811845302584,0.27383739507716637,1.7422574188398279,0.9016433806523033,0.0,0.0,0.024487378180998824,0.024487378180998824,0.5208157510861107,0.23870773108109183,3156.9097983837128
0.2583913207054138,0.2583913207054138,0.32966509461402893,1.649061679840088,0.9152272939682007,0.0,0.0,0.0,0.0,0.5724999904632568
0.26582780480384827,0.26582780480384827,0.3659260869026184,1.6429637670516968,0.9152487516403198,0.0,0.0,0.002673796843737364,0.002673796843737364,0.6497326493263245
0.2607080936431885,0.2607080936431885,0.3841979205608368,1.6312689781188965,0.9167950749397278,0.0,0.0,0.002421307610347867,0.002421307610347867,0.6731234788894653
0.27314963936805725,0.27314963936805725,0.34340140223503113,1.6771926879882812,0.9123485088348389,0.0,0.0,0.0024999999441206455,0.0024999999441206455,0.5224999785423279
0.26271775364875793,0.26271775364875793,0.3104861378669739,1.6649688482284546,0.9134092926979065,0.0,0.0,0.0024570024106651545,0.0024570024106651545,0.5429975390434265
0.2507970333099365,0.2507970333099365,0.3866472840309143,1.6168967485427856,0.9181123971939087,0.0,0.0,0.0,0.0,0.694656491279602
0.24950306117534637,0.24950306117534637,0.36286792159080505,1.6266354322433472,0.9175174236297607,0.0,0.0,0.0,0.0,0.606951892375946
0.24578939378261566,0.24578939378261566,0.38083332777023315,1.6191688776016235,0.9178940057754517,0.0,0.0,0.0,0.0,0.6759776473045349
0.2422453761100769,0.2422453761100769,0.35442280769348145,1.6104439496994019,0.9192746877670288,0.0,0.0,0.0,0.0,0.6065573692321777
0.246415376663208,0.246415376663208,0.3777145445346832,1.6107393503189087,0.9186075925827026,0.0,0.0,0.0,0.0,0.6831955909729004
0.24891960620880127,0.24891960620880127,0.35508233308792114,1.6302490234375,0.9167770743370056,0.0,0.0,0.0,0.0,0.6326530575752258
0.2703801095485687,0.2703801095485687,0.36919882893562317,1.6872929334640503,0.9105709791183472,0.0,0.0,0.0,0.0,0.5501285195350647
0.2320491522550583,0.2320491522550583,0.4003481864929199,1.5681127309799194,0.9239183068275452,0.0,0.0,0.0,0.0,0.6791443824768066
0.24529001116752625,0.24529001116752625,0.32941973209381104,1.6329594850540161,0.9169220328330994,0.0,0.0,0.0,0.0,0.5421348214149475
0.2557150721549988,0.2557150721549988,0.31440839171409607,1.6602421998977661,0.914166271686554,0.0,0.0,0.004926108289510012,0.004926108289510012,0.5147783160209656
0.25969451665878296,0.25969451665878296,0.2656020224094391,1.6944833993911743,0.910765528678894,0.0,0.0,0.005263158120214939,0.005263158120214939,0.44736841320991516
0.27092283964157104,0.27092283964157104,0.24598146975040436,1.7112959623336792,0.9089162349700928,0.0,0.0,0.0028818442951887846,0.0028818442951887846,0.4149855971336365
0.25228622555732727,0.25228622555732727,0.2498347908258438,1.6603926420211792,0.9147518873214722,0.0,0.0,0.002747252816334367,0.002747252816334367,0.4258241653442383
0.24456751346588135,0.24456751346588135,0.29368266463279724,1.6437389850616455,0.9159533977508545,0.0,0.0,0.005089058540761471,0.005089058540761471,0.5114504098892212
0.24845939874649048,0.24845939874649048,0.26647433638572693,1.6423165798187256,0.9153274297714233,0.0,0.0,0.03166227042675018,0.03166227042675018,0.5435356497764587
0.24880516529083252,0.24880516529083252,0.2915533483028412,1.634157419204712,0.9166666865348816,0.0,0.0,0.017985612154006958,0.017985612154006958,0.5215827226638794
0.2540418803691864,0.2540418803691864,0.1806621551513672,1.6708097457885742,0.9116494655609131,0.0,0.0,0.11081793904304504,0.11081793904304504,0.5065963268280029
0.27080389857292175,0.27080389857292175,0.18091963231563568,1.6923869848251343,0.9086419939994812,0.0,0.0,0.1358024626970291,0.1358024626970291,0.5012345910072327
0.2532033920288086,0.2532033920288086,0.15738137066364288,1.631394386291504,0.9148739576339722,0.0,0.0,0.15776081383228302,0.15776081383228302,0.5216284990310669
0.2435147911310196,0.2435147911310196,0.1704855114221573,1.6542507410049438,0.9122167229652405,0.0,0.0,0.17765043675899506,0.17765043675899506,0.5472779273986816
0.23770566284656525,0.23770566284656525,0.19080425798892975,1.619377851486206,0.9162768721580505,0.0,0.0,0.1342281848192215,0.1342281848192215,0.5816555023193359
0.23433664441108704,0.23433664441108704,0.19211803376674652,1.6222667694091797,0.9165558218955994,0.0,0.0,0.13658536970615387,0.13658536970615387,0.5414634346961975
0.23605602979660034,0.23605602979660034,0.2668837010860443,1.6004376411437988,0.9183971881866455,0.0,0.0,0.12944161891937256,0.12944161891937256,0.6624365448951721
0.2554296851158142,0.2554296851158142,0.3195483386516571,1.6437751054763794,0.9142323136329651,0.0,0.0,0.10796914994716644,0.10796914994716644,0.6272493600845337
0.24281443655490875,0.24281443655490875,0.3328554928302765,1.6199365854263306,0.917800784111023,0.0,0.0,0.05089820176362991,0.05089820176362991,0.5928143858909607
0.2611945569515228,0.2611945569515228,0.3218848705291748,1.6678398847579956,0.9123074412345886,0.0,0.0,0.022346368059515953,0.022346368059515953,0.6089385747909546
0.26688843965530396,0.26688843965530396,0.36494794487953186,1.6674293279647827,0.9124749898910522,0.0,0.0,0.005076142027974129,0.005076142027974129,0.6192893385887146
0.25736531615257263,0.25736531615257263,0.3022262454032898,1.6743298768997192,0.9126231670379639,0.0,0.0,0.004089979454874992,0.004089979454874992,0.5276073813438416
0.26960018277168274,0.26960018277168274,0.2717127799987793,1.7377903461456299,0.9057239294052124,0.0,0.0,0.0,0.0,0.44708994030952454
0.25328996777534485,0.25328996777534485,0.2936056852340698,1.690349817276001,0.9109123945236206,0.0,0.0,0.0,0.0,0.5081967115402222
0.2616182267665863,0.2616182267665863,0.26925837993621826,1.712087869644165,0.9088601469993591,0.0,0.0,0.0,0.0,0.4568527936935425
0.26727426052093506,0.26727426052093506,0.27577146887779236,1.7250909805297852,0.9070758819580078,0.0,0.0,0.0,0.0,0.46547314524650574
0.2771771550178528,0.2771771550178528,0.28114238381385803,1.7577203512191772,0.9037216901779175,0.0,0.0,0.0,0.0,0.41747573018074036
0.25401571393013,0.25401571393013,0.3232303261756897,1.6753116846084595,0.9124848246574402,0.0,0.0,0.005333333276212215,0.005333333276212215,0.5120000243186951
0.24296407401561737,0.24296407401561737,0.35330379009246826,1.6131819486618042,0.918117344379425,0.0,0.0,0.03989361599087715,0.03989361599087715,0.5558510422706604
0.2442423552274704,0.2442423552274704,0.3694974482059479,1.5828551054000854,0.9203047156333923,0.0,0.0,0.09604519605636597,0.09604519605636597,0.7655367255210876
0.2718579173088074,0.2718579173088074,0.3269972801208496,1.6615632772445679,0.911960244178772,0.0,0.0,0.10161662846803665,0.10161662846803665,0.6235565543174744
0.25823044776916504,0.25823044776916504,0.31274381279945374,1.6306259632110596,0.9152159690856934,0.0,0.0,0.10904255509376526,0.10904255509376526,0.6170212626457214
0.25619301199913025,0.25619301199913025,0.23913970589637756,1.6447937488555908,0.9144300222396851,0.0,0.0,0.12857143580913544,0.12857143580913544,0.5595238208770752
0.25397083163261414,0.25397083163261414,0.2206352800130844,1.648552656173706,0.9138339757919312,0.0,0.0,0.1304347813129425,0.1304347813129425,0.5536231994628906
0.24919399619102478,0.24919399619102478,0.22487398982048035,1.6121035814285278,0.9175230860710144,0.0028985508251935244,0.0,0.1246376782655716,0.1246376782655716,0.5275362133979797
0.25778892636299133,0.25778892636299133,0.23596157133579254,1.6302595138549805,0.9147940278053284,0.008426966145634651,0.0,0.14606741070747375,0.14606741070747375,0.5702247023582458
0.24527545273303986,0.24527545273303986,0.23020946979522705,1.593766212463379,0.9193283915519714,0.0054054055362939835,0.0,0.1459459513425827,0.1459459513425827,0.5432432293891907
0.24957503378391266,0.24957503378391266,0.23622901737689972,1.6200839281082153,0.9167788028717041,0.002114164875820279,0.0,0.10993657261133194,0.10993657261133194,0.6257928013801575
0.254099041223526,0.254099041223526,0.2590692639350891,1.6229628324508667,0.9161206483840942,0.0045045046135783195,0.0,0.12162162363529205,0.12162162363529205,0.5720720887184143
0.24691487848758698,0.24691487848758698,0.34192734956741333,1.5396533012390137,0.9230697154998779,0.015479875728487968,0.0,0.19504643976688385,0.19504643976688385,0.5882353186607361
0.24014607071876526,0.24014607071876526,0.29657280445098877,1.5623703002929688,0.9217877388000488,0.008379888720810413,0.0,0.14525139331817627,0.14525139331817627,0.6173184514045715
0.2141101211309433,0.2141101211309433,0.2754916846752167,1.5389549732208252,0.9255385994911194,0.0,0.0,0.14454276859760284,0.14454276859760284,0.6253687143325806
0.2340317815542221,0.2340317815542221,0.33379289507865906,1.578244686126709,0.9210634827613831,0.0,0.0,0.13079018890857697,0.13079018890857697,0.6839237213134766
0.23201681673526764,0.23201681673526764,0.3673669695854187,1.5953781604766846,0.9191017150878906,0.0,0.0,0.1041666641831398,0.1041666641831398,0.7232142686843872
0.2196069359779358,0.2196069359779358,0.35549426078796387,1.5425002574920654,0.9256490468978882,0.0,0.0,0.08222811669111252,0.08222811669111252,0.6896551847457886
0.22115673124790192,0.22115673124790192,0.3715641498565674,1.5444471836090088,0.9252305626869202,0.0,0.0,0.10597825795412064,0.10597825795412064,0.7228260636329651
0.2302151769399643,0.2302151769399643,0.38773271441459656,1.5569751262664795,0.9237993955612183,0.0,0.0,0.08479531854391098,0.08479531854391098,0.7426900863647461
0.23429955542087555,0.23429955542087555,0.3896821439266205,1.5834765434265137,0.9211965203285217,0.0,0.0,0.05154639109969139,0.05154639109969139,0.7139175534248352
0.24331940710544586,0.24331940710544586,0.34504231810569763,1.6134700775146484,0.9186720252037048,0.0,0.0,0.07352941483259201,0.07352941483259201,0.5882353186607361
0.23207801580429077,0.23207801580429077,0.3998928666114807,1.594585657119751,0.9204451441764832,0.0,0.0,0.019851116463541985,0.019851116463541985,0.7096773982048035
0.22923047840595245,0.22923047840595245,0.38861003518104553,1.5636579990386963,0.9237512350082397,0.0,0.0,0.03740648552775383,0.03740648552775383,0.6783042550086975
0.21817049384117126,0.21817049384117126,0.36779192090034485,1.5521320104599,0.9248803853988647,0.0026315790601074696,0.0,0.055263157933950424,0.055263157933950424,0.6315789222717285
0.23056107759475708,0.23056107759475708,0.38803762197494507,1.5823057889938354,0.9218457937240601,0.0,0.0,0.03485254570841789,0.03485254570841789,0.6729222536087036
0.22595587372779846,0.22595587372779846,0.3770430386066437,1.5660344362258911,0.9229300618171692,0.005249343812465668,0.0,0.06299212574958801,0.06299212574958801,0.6482939720153809
0.21468421816825867,0.21468421816825867,0.3964380919933319,1.5167343616485596,0.9267399311065674,0.010989011265337467,0.0,0.11813186854124069,0.11813186854124069,0.7005494236946106
0.23649393022060394,0.23649393022060394,0.37207403779029846,1.5858596563339233,0.9187710285186768,0.013888888992369175,0.0,0.09444444626569748,0.09444444626569748,0.7138888835906982
0.2891590893268585,0.2891590893268585,0.3049123287200928,1.690753698348999,0.9067736268043518,0.01764705963432789,0.0,0.09705882519483566,0.09705882519483566,0.6176470518112183
0.2767728865146637,0.2767728865146637,0.3078557252883911,1.6614665985107422,0.9090909361839294,0.029325513169169426,0.0,0.12023460119962692,0.12023460119962692,0.633431077003479
0.2307465374469757,0.2307465374469757,0.29158395528793335,1.5684194564819336,0.9198653101921082,0.034567900002002716,0.0,0.14567901194095612,0.14567901194095612,0.5604938268661499
0.21849454939365387,0.21849454939365387,0.27568620443344116,1.5455433130264282,0.9220543503761292,0.03814714029431343,0.0,0.13896457850933075,0.13896457850933075,0.6158038377761841
0.2386656105518341,0.2386656105518341,0.2586536407470703,1.6216613054275513,0.9146206378936768,0.024330900982022285,0.0,0.12652067840099335,0.12652067840099335,0.5474452376365662
0.21983462572097778,0.21983462572097778,0.24992121756076813,1.5178970098495483,0.9250398874282837,0.02770083025097847,0.0,0.1717451512813568,0.1717451512813568,0.6620498895645142
0.23503462970256805,0.23503462970256805,0.222760871052742,1.5984678268432617,0.9173213839530945,0.017283950001001358,0.0,0.16543209552764893,0.16543209552764893,0.6395061612129211
0.22270789742469788,0.22270789742469788,0.2213592529296875,1.5715702772140503,0.9208394289016724,0.008021390065550804,0.0,0.22994652390480042,0.22994652390480042,0.614973247051239
0.26000526547431946,0.26000526547431946,0.20582370460033417,1.7039967775344849,0.9068781137466431,0.008113590069115162,0.0,0.1034482792019844,0.1034482792019844,0.476673424243927
0.22763541340827942,0.22763541340827942,0.2101995199918747,1.5861315727233887,0.9196310639381409,0.004830917809158564,0.0,0.1473429948091507,0.1473429948091507,0.5531401038169861
0.2555595934391022,0.2555595934391022,0.18486011028289795,1.6540910005569458,0.9115760922431946,0.005291005130857229,0.0,0.17195767164230347,0.17195767164230347,0.5608465671539307
0.261440247297287,0.261440247297287,0.25451040267944336,1.6699086427688599,0.9101585149765015,0.00542005430907011,0.0,0.1815718114376068,0.1815718114376068,0.5718157291412354
0.2687971591949463,0.2687971591949463,0.27100640535354614,1.7113629579544067,0.9071707129478455,0.0019801980815827847,0.0,0.09900990128517151,0.09900990128517151,0.5445544719696045
0.24680626392364502,0.24680626392364502,0.2920699417591095,1.6163655519485474,0.9166067242622375,0.0,0.0,0.16886544227600098,0.16886544227600098,0.5989446043968201
0.26213759183883667,0.26213759183883667,0.3102092444896698,1.6490281820297241,0.9124578833580017,0.0028490028344094753,0.0,0.21367521584033966,0.21367521584033966,0.6096866130828857
0.24734768271446228,0.24734768271446228,0.3112220764160156,1.5979969501495361,0.9179253578186035,0.0031347961630672216,0.0,0.16927899420261383,0.16927899420261383,0.6708464026451111
0.23601679503917694,0.23601679503917694,0.2911665737628937,1.6028205156326294,0.9179894328117371,0.010582010261714458,0.0,0.12169311940670013,0.12169311940670013,0.6296296119689941
0.2588103115558624,0.2588103115558624,0.2581036388874054,1.6361401081085205,0.912394106388092,0.0379146933555603,0.0,0.13033175468444824,0.13033175468444824,0.5
0.22217026352882385,0.22217026352882385,0.2838965654373169,1.571667194366455,0.9213330149650574,0.017456358298659325,0.0,0.10972568392753601,0.10972568392753601,0.6109725832939148
0.22833721339702606,0.22833721339702606,0.3173668682575226,1.5034767389297485,0.9219327569007874,0.08231707662343979,0.0,0.19207316637039185,0.19207316637039185,0.6859756112098694
0.2257581353187561,0.2257581353187561,0.30440986156463623,1.4759633541107178,0.9246519207954407,0.08708708733320236,0.0,0.1921921968460083,0.1921921968460083,0.6906906962394714
0.20938748121261597,0.20938748121261597,0.32222747802734375,1.476515769958496,0.927992045879364,0.0555555559694767,0.0,0.12878787517547607,0.12878787517547607,0.6540403962135315
0.24220597743988037,0.24220597743988037,0.24268771708011627,1.5655384063720703,0.9162980914115906,0.07567567378282547,0.0,0.1621621549129486,0.1621621549129486,0.637837827205658
0.25631728768348694,0.25631728768348694,0.2599433362483978,1.619134783744812,0.9135890007019043,0.0390625,0.0,0.1354166716337204,0.1354166716337204,0.6354166865348816
0.2220962792634964,0.2220962792634964,0.29378771781921387,1.5431829690933228,0.9225120544433594,0.02506963722407818,0.0,0.16991643607616425,0.16991643607616425,0.6935933232307434
0.23639750480651855,0.23639750480651855,0.21366797387599945,1.6025115251541138,0.9158576130867004,0.03640776872634888,0.0,0.13106796145439148,0.13106796145439148,0.5582524538040161
0.25034844875335693,0.25034844875335693,0.18152746558189392,1.6471716165542603,0.912284255027771,0.02466367743909359,0.0,0.12556053698062897,0.12556053698062897,0.4730941653251648
0.24076300859451294,0.24076300859451294,0.1852196753025055,1.645546555519104,0.912537693977356,0.014218009077012539,0.0,0.1374407559633255,0.1374407559633255,0.5545023679733276
0.24587537348270416,0.24587537348270416,0.16996581852436066,1.6678050756454468,0.9110251665115356,0.004728132393211126,0.0,0.13947990536689758,0.13947990536689758,0.5295508503913879
0.23810124397277832,0.23810124397277832,0.194907546043396,1.6246235370635986,0.9155489206314087,0.004683840554207563,0.0,0.15456674993038177,0.15456674993038177,0.5761123895645142
0.23689721524715424,0.23689721524715424,0.23777584731578827,1.612505555152893,0.917011022567749,0.0,0.0,0.1409090906381607,0.1409090906381607,0.6159090995788574
0.22668923437595367,0.22668923437595367,0.2141827940940857,1.5671888589859009,0.9210069179534912,0.0,0.0,0.1744791716337204,0.1744791716337204,0.6692708134651184
0.21283948421478271,0.21283948421478271,0.2598930597305298,1.5097651481628418,0.9248450398445129,0.017045455053448677,0.0,0.17613635957241058,0.17613635957241058,0.7528409361839294
0.23088595271110535,0.23088595271110535,0.24172630906105042,1.5644985437393188,0.9200655221939087,0.0054054055362939835,0.0,0.17027026414871216,0.17027026414871216,0.708108127117157
0.226430743932724,0.226430743932724,0.21202854812145233,1.5460631847381592,0.9210284948348999,0.021212121471762657,0.0,0.1818181872367859,0.1818181872367859,0.6696969866752625
0.21653322875499725,0.21653322875499725,0.30055251717567444,1.4607244729995728,0.9273082613945007,0.041055720299482346,0.0,0.19061583280563354,0.19061583280563354,0.7419354915618896
0.23258595168590546,0.23258595168590546,0.26495569944381714,1.5309276580810547,0.9199075102806091,0.04904632270336151,0.0,0.17983651161193848,0.17983651161193848,0.6757493019104004
0.24514880776405334,0.24514880776405334,0.28682008385658264,1.5696786642074585,0.9174526929855347,0.0397351011633873,0.0,0.1346578299999237,0.1346578299999237,0.6490066051483154
0.21312189102172852,0.21312189102172852,0.3067127764225006,1.466172456741333,0.9275781512260437,0.04509283974766731,0.0,0.16710875928401947,0.16710875928401947,0.7241379022598267
0.24550680816173553,0.24550680816173553,0.253907173871994,1.6321324110031128,0.9156126379966736,0.004347825888544321,0.0,0.08695652335882187,0.08695652335882187,0.5456521511077881
0.24145188927650452,0.24145188927650452,0.27759435772895813,1.6689372062683105,0.9108160734176636,0.007425742689520121,0.0,0.10396039485931396,0.10396039485931396,0.551980197429657
0.2352239340543747,0.2352239340543747,0.29982101917266846,1.5797653198242188,0.9199079275131226,0.012658228166401386,0.0,0.12911392748355865,0.12911392748355865,0.7392405271530151
0.23487931489944458,0.23487931489944458,0.26325684785842896,1.5812305212020874,0.9197813868522644,0.010610079392790794,0.0,0.1326259970664978,0.1326259970664978,0.73209547996521
0.23117826879024506,0.23117826879024506,0.262090265750885,1.5387276411056519,0.9222253561019897,0.030959751456975937,0.0,0.16408668458461761,0.16408668458461761,0.7739937901496887
0.21463020145893097,0.21463020145893097,0.33468443155288696,1.426065444946289,0.931199312210083,0.0760563388466835,0.0,0.15774647891521454,0.15774647891521454,0.814084529876709
0.23959584534168243,0.23959584534168243,0.32214319705963135,1.4742997884750366,0.9198347330093384,0.145454540848732,0.0,0.19090908765792847,0.19090908765792847,0.6545454263687134
0.2378537654876709,0.2378537654876709,0.35296061635017395,1.4600870609283447,0.9196919798851013,0.1683168262243271,0.0,0.21452145278453827,0.21452145278453827,0.594059407711029
0.21258026361465454,0.21258026361465454,0.38729098439216614,1.4668976068496704,0.920255184173584,0.15789473056793213,0.0,0.21052631735801697,0.21052631735801697,0.6315789222717285
0.2436792219462602,0.2436792219462602,0.29222880096539205,1.6074532498484073,0.9171162118082461,0.014403056343207541,0.0,0.09948402763060901,0.09948402763060901,0.6067222019900447,0.23669638841048532,3130.3099286556244
0.26889172196388245,0.26889172196388245,0.26996150612831116,1.6143989562988281,0.9127272963523865,0.05249999836087227,0.0,0.13249999284744263,0.13249999284744263,0.5375000238418579
0.27453869581222534,0.27453869581222534,0.31156957149505615,1.6302413940429688,0.9133041501045227,0.01871657744050026,0.0,0.10160427540540695,0.10160427540540695,0.6283422708511353
0.26653560996055603,0.26653560996055603,0.34426355361938477,1.635567307472229,0.9152542352676392,0.002421307610347867,0.0,0.05326876416802406,0.05326876416802406,0.648910403251648
0.2784229516983032,0.2784229516983032,0.30382782220840454,1.6864264011383057,0.9102272987365723,0.0024999999441206455,0.0,0.042500000447034836,0.042500000447034836,0.4925000071525574
0.2621830999851227,0.2621830999851227,0.28279000520706177,1.6701794862747192,0.9119201898574829,0.007371007464826107,0.0,0.03194103017449379,0.03194103017449379,0.503685474395752
0.2174241840839386,0.2174241840839386,0.38185256719589233,1.5917606353759766,0.9202713966369629,0.005089058540761471,0.0,0.03562340885400772,0.03562340885400772,0.6921119689941406
0.2179015427827835,0.2179015427827835,0.3643512725830078,1.588634967803955,0.9202722311019897,0.013368983753025532,0.0,0.05347593501210213,0.05347593501210213,0.5882353186607361
0.2104727327823639,0.2104727327823639,0.39847704768180847,1.5642799139022827,0.9211105704307556,0.02793296054005623,0.0,0.053072623908519745,0.053072623908519745,0.6703910827636719
0.20867294073104858,0.20867294073104858,0.40966662764549255,1.4845657348632812,0.9249875545501709,0.08196721225976944,0.0,0.11748633533716202,0.11748633533716202,0.6639344096183777
0.21878309547901154,0.21878309547901154,0.4367291033267975,1.4789789915084839,0.9224476218223572,0.11294765770435333,0.0,0.1570248007774353,0.1570248007774353,0.7520661354064941
0.2071552276611328,0.2071552276611328,0.45446422696113586,1.4158225059509277,0.9264952540397644,0.14577259123325348,0.0,0.21282799541950226,0.21282799541950226,0.7084547877311707
0.25289303064346313,0.25289303064346313,0.43759414553642273,1.544809341430664,0.912830114364624,0.13367609679698944,0.0,0.15681234002113342,0.15681234002113342,0.6529563069343567
0.19965918362140656,0.19965918362140656,0.5070067048072815,1.380182147026062,0.932668924331665,0.11497326195240021,0.0,0.14705882966518402,0.14705882966518402,0.7967914342880249
0.20901501178741455,0.20901501178741455,0.4367735683917999,1.4507110118865967,0.9279877543449402,0.08426966518163681,0.0,0.13483145833015442,0.13483145833015442,0.6741573214530945
0.2241264134645462,0.2241264134645462,0.39507856965065,1.536655068397522,0.922152578830719,0.0517241396009922,0.0,0.1108374372124672,0.1108374372124672,0.6009852290153503
0.2267846167087555,0.2267846167087555,0.3582070469856262,1.5491125583648682,0.9197767376899719,0.06842105090618134,0.0,0.1184210553765297,0.1184210553765297,0.557894766330719
0.23227959871292114,0.23227959871292114,0.3816162049770355,1.4916573762893677,0.9221901893615723,0.10662823915481567,0.0,0.18731988966464996,0.18731988966464996,0.6138328313827515
0.2204771339893341,0.2204771339893341,0.36865484714508057,1.4534273147583008,0.9261571764945984,0.1071428582072258,0.0,0.20604395866394043,0.20604395866394043,0.6401098966598511
0.2222777009010315,0.2222777009010315,0.39664316177368164,1.4886754751205444,0.9218906760215759,0.11704834550619125,0.0,0.13994911313056946,0.13994911313056946,0.6666666865348816
0.21822379529476166,0.21822379529476166,0.38260096311569214,1.44080650806427,0.924602210521698,0.1372031718492508,0.0,0.20316623151302338,0.20316623151302338,0.7071239948272705
0.23042550683021545,0.23042550683021545,0.2721843123435974,1.5912045240402222,0.9174296855926514,0.035971224308013916,0.0,0.09892086684703827,0.09892086684703827,0.5665467381477356
0.2200644165277481,0.2200644165277481,0.3397996723651886,1.4667848348617554,0.9219636917114258,0.13456463813781738,0.0,0.2084432691335678,0.2084432691335678,0.6543535590171814
0.24643711745738983,0.24643711745738983,0.3160396218299866,1.5787138938903809,0.9111859202384949,0.11358024924993515,0.0,0.16296295821666718,0.16296295821666718,0.5827160477638245
0.2270147055387497,0.2270147055387497,0.3106798529624939,1.5169193744659424,0.9196545481681824,0.09160305559635162,0.0,0.17302799224853516,0.17302799224853516,0.5852417349815369
0.2017708569765091,0.2017708569765091,0.4223291873931885,1.4564777612686157,0.9263697266578674,0.0916905477643013,0.0,0.18911175429821014,0.18911175429821014,0.7106017470359802
0.20803111791610718,0.20803111791610718,0.3655444085597992,1.5359880924224854,0.923259437084198,0.031319908797740936,0.0,0.12527963519096375,0.12527963519096375,0.7427293062210083
0.20505107939243317,0.20505107939243317,0.3754459023475647,1.5092601776123047,0.9257206320762634,0.03414634242653847,0.0,0.12439024448394775,0.12439024448394775,0.712195098400116
0.2066369503736496,0.2066369503736496,0.4051762819290161,1.4975481033325195,0.9264728426933289,0.03553299605846405,0.0,0.1649746149778366,0.1649746149778366,0.720812201499939
0.22294218838214874,0.22294218838214874,0.42260032892227173,1.5523178577423096,0.9185946583747864,0.05655527114868164,0.0,0.13367609679698944,0.13367609679698944,0.6709511280059814
0.22008447349071503,0.22008447349071503,0.414469450712204,1.4861066341400146,0.9234258532524109,0.08383233845233917,0.0,0.1646706610918045,0.1646706610918045,0.6467065811157227
0.26944178342819214,0.26944178342819214,0.32621127367019653,1.6084182262420654,0.9097680449485779,0.0865921750664711,0.0,0.1508379876613617,0.1508379876613617,0.6564245820045471
0.2686294615268707,0.2686294615268707,0.35160812735557556,1.6014519929885864,0.9109367728233337,0.08121827244758606,0.0,0.15228426456451416,0.15228426456451416,0.6624365448951721
0.26112860441207886,0.26112860441207886,0.27456051111221313,1.6142442226409912,0.9110739231109619,0.07975459843873978,0.0,0.12269938737154007,0.12269938737154007,0.5276073813438416
0.22594238817691803,0.22594238817691803,0.34210994839668274,1.5430461168289185,0.9158248901367188,0.10846561193466187,0.0,0.17724867165088654,0.17724867165088654,0.6666666865348816
0.21132247149944305,0.21132247149944305,0.36637672781944275,1.5164180994033813,0.9201026558876038,0.09562841802835464,0.0,0.15846994519233704,0.15846994519233704,0.6584699749946594
0.22874338924884796,0.22874338924884796,0.32399359345436096,1.575329303741455,0.9164744019508362,0.06345177441835403,0.0,0.12436547875404358,0.12436547875404358,0.6294416189193726
0.23329244554042816,0.23329244554042816,0.33095142245292664,1.5903156995773315,0.9141284823417664,0.06905370950698853,0.0,0.13810741901397705,0.13810741901397705,0.6521739363670349
0.2453305870294571,0.2453305870294571,0.31711506843566895,1.636130452156067,0.9096792936325073,0.06310679763555527,0.0,0.1383495181798935,0.1383495181798935,0.5776699185371399
0.22112411260604858,0.22112411260604858,0.34053078293800354,1.5526124238967896,0.9186262488365173,0.058666665107011795,0.0,0.1626666635274887,0.1626666635274887,0.656000018119812
0.21128684282302856,0.21128684282302856,0.4477246105670929,1.417427659034729,0.9278691411018372,0.10904255509376526,0.0,0.18617020547389984,0.18617020547389984,0.6622340679168701
0.20675228536128998,0.20675228536128998,0.4799777567386627,1.407031536102295,0.9287793040275574,0.10451977699995041,0.0,0.22033898532390594,0.22033898532390594,0.7683615684509277
0.24151337146759033,0.24151337146759033,0.43986254930496216,1.5507842302322388,0.9139198064804077,0.10392609983682632,0.0,0.14780600368976593,0.14780600368976593,0.6558891534805298
0.22601301968097687,0.22601301968097687,0.4812939763069153,1.4436947107315063,0.9212604761123657,0.15159574151039124,0.0,0.18351063132286072,0.18351063132286072,0.6914893388748169
0.23376424610614777,0.23376424610614777,0.41519761085510254,1.4883495569229126,0.9224386811256409,0.10952381044626236,0.0,0.14047619700431824,0.14047619700431824,0.6404761672019958
0.21835719048976898,0.21835719048976898,0.4228561520576477,1.4256274700164795,0.9264822006225586,0.13333334028720856,0.0,0.1768115907907486,0.1768115907907486,0.730434775352478
0.21827460825443268,0.21827460825443268,0.37369588017463684,1.4339711666107178,0.9256917238235474,0.12753623723983765,0.0,0.19130434095859528,0.19130434095859528,0.6840579509735107
0.2249680608510971,0.2249680608510971,0.38852474093437195,1.4451957941055298,0.9238168001174927,0.13483145833015442,0.0,0.21067415177822113,0.21067415177822113,0.7415730357170105
0.21593326330184937,0.21593326330184937,0.34669867157936096,1.439616322517395,0.9261261224746704,0.11621621251106262,0.0,0.1918918937444687,0.1918918937444687,0.6918919086456299
0.24176090955734253,0.24176090955734253,0.3087645471096039,1.5521430969238281,0.9190210700035095,0.06342494487762451,0.0,0.11416490375995636,0.11416490375995636,0.6363636255264282
0.24494391679763794,0.24494391679763794,0.2947191596031189,1.5628141164779663,0.9168714284896851,0.07207207381725311,0.0,0.14639639854431152,0.14639639854431152,0.587837815284729
0.2214493304491043,0.2214493304491043,0.3792867064476013,1.4355573654174805,0.9235388040542603,0.15479876101016998,0.0,0.22291021049022675,0.22291021049022675,0.5975232124328613
0.2059015929698944,0.2059015929698944,0.3832191526889801,1.4562785625457764,0.9277128577232361,0.06983239948749542,0.0,0.18715083599090576,0.18715083599090576,0.7346368432044983
0.18097412586212158,0.18097412586212158,0.3623596429824829,1.4490265846252441,0.9315276741981506,0.04129793494939804,0.0,0.17404130101203918,0.17404130101203918,0.728613555431366
0.20722723007202148,0.20722723007202148,0.39191949367523193,1.520259141921997,0.9242011308670044,0.04359672963619232,0.0,0.11444141715765,0.11444141715765,0.7002725005149841
0.20021186769008636,0.20021186769008636,0.4536939263343811,1.4997285604476929,0.9252344965934753,0.0565476194024086,0.0,0.1011904776096344,0.1011904776096344,0.7529761791229248
0.1941257119178772,0.1941257119178772,0.4647509455680847,1.3956166505813599,0.9328028559684753,0.09814323484897614,0.0,0.14854110777378082,0.14854110777378082,0.7427055835723877
0.19060511887073517,0.19060511887073517,0.4918222427368164,1.3720520734786987,0.9324769377708435,0.125,0.0,0.19565217196941376,0.19565217196941376,0.804347813129425
0.20250211656093597,0.20250211656093597,0.4727643132209778,1.3976364135742188,0.9281410574913025,0.1461988240480423,0.0,0.2017543911933899,0.2017543911933899,0.7631579041481018
0.20696702599525452,0.20696702599525452,0.47979500889778137,1.4217616319656372,0.9285379648208618,0.11082474142313004,0.0,0.1675257682800293,0.1675257682800293,0.8041236996650696
0.21923254430294037,0.21923254430294037,0.4233321249485016,1.4465842247009277,0.9246880412101746,0.1299019604921341,0.0,0.20588235557079315,0.20588235557079315,0.6838235259056091
0.20130522549152374,0.20130522549152374,0.4971708655357361,1.432880163192749,0.9289420247077942,0.0893300250172615,0.0,0.14392060041427612,0.14392060041427612,0.7841191291809082
0.2036110907793045,0.2036110907793045,0.47867491841316223,1.4069665670394897,0.9316859245300293,0.07980050146579742,0.0,0.16209475696086884,0.16209475696086884,0.7556109428405762
0.18744498491287231,0.18744498491287231,0.46918785572052,1.4124354124069214,0.931499183177948,0.07631579041481018,0.0,0.1605263203382492,0.1605263203382492,0.7447368502616882
0.20066766440868378,0.20066766440868378,0.47742289304733276,1.472464919090271,0.9260703325271606,0.07774798572063446,0.0,0.11528149992227554,0.11528149992227554,0.7319034934043884
0.19874976575374603,0.19874976575374603,0.45197978615760803,1.434434413909912,0.9288157224655151,0.09448818862438202,0.0,0.1548556387424469,0.1548556387424469,0.7034120559692383
0.18531428277492523,0.18531428277492523,0.5050603747367859,1.3738282918930054,0.9324009418487549,0.11813186854124069,0.0,0.1785714328289032,0.1785714328289032,0.7719780206680298
0.21297937631607056,0.21297937631607056,0.45626693964004517,1.4478760957717896,0.9232323169708252,0.12777778506278992,0.0,0.18611110746860504,0.18611110746860504,0.7583333253860474
0.28506237268447876,0.28506237268447876,0.4077856242656708,1.5579713582992554,0.9097148180007935,0.14411765336990356,0.0,0.17941176891326904,0.17941176891326904,0.6764705777168274
0.26289448142051697,0.26289448142051697,0.38137978315353394,1.5235273838043213,0.914245069026947,0.1348973661661148,0.0,0.19354838132858276,0.19354838132858276,0.6304985284805298
0.2051507979631424,0.2051507979631424,0.38366612792015076,1.4416990280151367,0.9253273606300354,0.1160493791103363,0.0,0.1975308656692505,0.1975308656692505,0.6395061612129211
0.18880720436573029,0.18880720436573029,0.3830719292163849,1.40968656539917,0.9291552901268005,0.1117166206240654,0.0,0.19891008734703064,0.19891008734703064,0.7002725005149841
0.21316663920879364,0.21316663920879364,0.35723811388015747,1.5191926956176758,0.9198554754257202,0.08272506296634674,0.0,0.15328466892242432,0.15328466892242432,0.6253041625022888
0.189368337392807,0.189368337392807,0.36295533180236816,1.4233838319778442,0.9294048547744751,0.0886426568031311,0.0,0.20498615503311157,0.20498615503311157,0.692520797252655
0.20066289603710175,0.20066289603710175,0.35774239897727966,1.5206596851348877,0.9228582382202148,0.054320987313985825,0.0,0.14814814925193787,0.14814814925193787,0.6790123581886292
0.1961677372455597,0.1961677372455597,0.39938443899154663,1.4248223304748535,0.9269972443580627,0.1256684511899948,0.0,0.22192513942718506,0.22192513942718506,0.6657754182815552
0.23084032535552979,0.23084032535552979,0.35395652055740356,1.599086880683899,0.9103817343711853,0.09939148277044296,0.0,0.13793103396892548,0.13793103396892548,0.5334685444831848
0.19957906007766724,0.19957906007766724,0.37580323219299316,1.442933201789856,0.9254135489463806,0.12318840622901917,0.0,0.17149758338928223,0.17149758338928223,0.6400966048240662
0.2283547967672348,0.2283547967672348,0.39314278960227966,1.4943679571151733,0.9183902740478516,0.13227513432502747,0.0,0.19312168657779694,0.19312168657779694,0.6296296119689941
0.2382962852716446,0.2382962852716446,0.43179386854171753,1.5203806161880493,0.9158248901367188,0.13279132544994354,0.0,0.1869918704032898,0.1869918704032898,0.6287263035774231
0.2462523728609085,0.2462523728609085,0.3482714295387268,1.649651288986206,0.9083108305931091,0.06336633861064911,0.0,0.124752476811409,0.124752476811409,0.5564356446266174
0.2225521057844162,0.2225521057844162,0.45887839794158936,1.4593727588653564,0.9226033687591553,0.12928760051727295,0.0,0.1899736076593399,0.1899736076593399,0.649076521396637
0.23972760140895844,0.23972760140895844,0.42335090041160583,1.553901195526123,0.9154796004295349,0.08547008782625198,0.0,0.23076923191547394,0.23076923191547394,0.6524216532707214
0.21956157684326172,0.21956157684326172,0.44167259335517883,1.4705541133880615,0.9218201041221619,0.1222570538520813,0.0,0.19435736536979675,0.19435736536979675,0.7147335410118103
0.20655664801597595,0.20655664801597595,0.39231008291244507,1.4848291873931885,0.9218374490737915,0.11640211939811707,0.0,0.17195767164230347,0.17195767164230347,0.6693121790885925
0.231718972325325,0.231718972325325,0.3452465236186981,1.5582020282745361,0.9123222827911377,0.13507108390331268,0.0,0.17061612010002136,0.17061612010002136,0.5568720102310181
0.1908528208732605,0.1908528208732605,0.38228142261505127,1.4359039068222046,0.9247336387634277,0.14713217318058014,0.0,0.16957606375217438,0.16957606375217438,0.6558603644371033
0.2018204629421234,0.2018204629421234,0.3975132405757904,1.4077119827270508,0.9245195984840393,0.17987805604934692,0.0,0.22256097197532654,0.22256097197532654,0.6951219439506531
0.1978944092988968,0.1978944092988968,0.4035125970840454,1.3637992143630981,0.9287469387054443,0.18018017709255219,0.0,0.21921922266483307,0.21921922266483307,0.7417417168617249
0.18396666646003723,0.18396666646003723,0.4130971133708954,1.381122350692749,0.9329660534858704,0.10858585685491562,0.0,0.17171716690063477,0.17171716690063477,0.7045454382896423
0.20014449954032898,0.20014449954032898,0.34683558344841003,1.4830752611160278,0.9242424368858337,0.08378378301858902,0.0,0.17297297716140747,0.17297297716140747,0.7162162065505981
0.23312540352344513,0.23312540352344513,0.290322870016098,1.6110912561416626,0.9150883555412292,0.02864583395421505,0.0,0.1276041716337204,0.1276041716337204,0.7161458134651184
0.19965197145938873,0.19965197145938873,0.37737348675727844,1.4703667163848877,0.9244534373283386,0.08635097742080688,0.0,0.19220055639743805,0.19220055639743805,0.7214484810829163
0.2032061219215393,0.2032061219215393,0.39427074790000916,1.4231629371643066,0.9262282848358154,0.12621359527111053,0.0,0.20145630836486816,0.20145630836486816,0.6383495330810547
0.22622594237327576,0.22622594237327576,0.3398846685886383,1.5157499313354492,0.9167006611824036,0.12556053698062897,0.0,0.17713004350662231,0.17713004350662231,0.5538116693496704
0.20588472485542297,0.20588472485542297,0.3912346363067627,1.453924298286438,0.9234525561332703,0.12085308134555817,0.0,0.21800947189331055,0.21800947189331055,0.6327013969421387
0.21187135577201843,0.21187135577201843,0.3920138478279114,1.4715059995651245,0.9219858050346375,0.10638298094272614,0.0,0.2505910098552704,0.2505910098552704,0.6193853616714478
0.20969876646995544,0.20969876646995544,0.3705464005470276,1.493556261062622,0.9226456880569458,0.07494144886732101,0.0,0.21779859066009521,0.21779859066009521,0.6346604228019714
0.21096943318843842,0.21096943318843842,0.40198707580566406,1.475419521331787,0.9245867729187012,0.06818182021379471,0.0,0.21136364340782166,0.21136364340782166,0.6477272510528564
0.19811499118804932,0.19811499118804932,0.4220307171344757,1.4000946283340454,0.9295296669006348,0.1067708358168602,0.0,0.2109375,0.2109375,0.6953125
0.18251661956310272,0.18251661956310272,0.5212113857269287,1.2898777723312378,0.9356921315193176,0.15625,0.0,0.2244318127632141,0.2244318127632141,0.8323863744735718
0.20240941643714905,0.20240941643714905,0.4509490430355072,1.4171370267868042,0.9258804321289062,0.12162162363529205,0.0,0.18918919563293457,0.18918919563293457,0.7243243455886841
0.19276714324951172,0.19276714324951172,0.4747394919395447,1.334643006324768,0.9310376644134521,0.1818181872367859,0.0,0.20606060326099396,0.20606060326099396,0.7484848499298096
0.18739336729049683,0.18739336729049683,0.547522783279419,1.2734423875808716,0.9356616139411926,0.17302052676677704,0.0,0.22580644488334656,0.22580644488334656,0.8123167157173157
0.2062245011329651,0.2062245011329651,0.48552846908569336,1.384030818939209,0.9285773038864136,0.13351498544216156,0.0,0.1743869185447693,0.1743869185447693,0.7547683715820312
0.2197723686695099,0.2197723686695099,0.47930461168289185,1.4474033117294312,0.9250785708427429,0.094922736287117,0.0,0.13907285034656525,0.13907285034656525,0.6865342259407043
0.18505403399467468,0.18505403399467468,0.532706081867218,1.2927247285842896,0.9365806579589844,0.14854110777378082,0.0,0.18832890689373016,0.18832890689373016,0.7427055835723877
0.2292785495519638,0.2292785495519638,0.36005455255508423,1.5356733798980713,0.9180500507354736,0.0782608687877655,0.0,0.14347825944423676,0.14347825944423676,0.5869565010070801
0.2138122022151947,0.2138122022151947,0.4241563379764557,1.5105061531066895,0.9166666865348816,0.12376237660646439,0.0,0.17079207301139832,0.17079207301139832,0.5742574334144592
0.20526614785194397,0.20526614785194397,0.45222097635269165,1.4353458881378174,0.9242040514945984,0.13417720794677734,0.0,0.17721518874168396,0.17721518874168396,0.7493671178817749
0.20564641058444977,0.20564641058444977,0.4282016456127167,1.424345850944519,0.9259705543518066,0.12997347116470337,0.0,0.21220159530639648,0.21220159530639648,0.7877984046936035
0.19841481745243073,0.19841481745243073,0.47647079825401306,1.3357291221618652,0.9314194321632385,0.1702786386013031,0.0,0.22910216450691223,0.22910216450691223,0.801857590675354
0.18975171446800232,0.18975171446800232,0.47233057022094727,1.3016886711120605,0.9368331432342529,0.15492957830429077,0.0,0.1943662017583847,0.1943662017583847,0.780281662940979
0.2107524275779724,0.2107524275779724,0.4440211355686188,1.3981237411499023,0.926262617111206,0.15454545617103577,0.0,0.19696970283985138,0.19696970283985138,0.7181817889213562
0.2039666622877121,0.2039666622877121,0.4432653486728668,1.400526523590088,0.9267926812171936,0.1551155149936676,0.0,0.21452145278453827,0.21452145278453827,0.6336633563041687
0.17101380228996277,0.17101380228996277,0.5277909636497498,1.3210049867630005,0.9314194321632385,0.21052631735801697,0.0,0.21052631735801697,0.21052631735801697,0.6315789222717285
0.2171752754760825,0.2171752754760825,0.40103396980658823,1.4800968118335889,0.9228669586388961,0.10030020820989233,0.0,0.16630913783674656,0.16630913783674656,0.6748513361682063,0.2278704601785411,3013.5868906974792
0.24891100823879242,0.24891100823879242,0.34527814388275146,1.5531479120254517,0.9150757789611816,0.08500000089406967,0.0,0.16750000417232513,0.16750000417232513,0.5350000262260437
0.25516921281814575,0.25516921281814575,0.4076772630214691,1.5192691087722778,0.9167882204055786,0.1096256673336029,0.0,0.17112299799919128,0.17112299799919128,0.6791443824768066
0.2484147846698761,0.2484147846698761,0.44795119762420654,1.509687900543213,0.919436514377594,0.10169491171836853,0.0,0.1283292919397354,0.1283292919397354,0.7384988069534302
0.2583021819591522,0.2583021819591522,0.36547720432281494,1.5694409608840942,0.9115909337997437,0.11749999970197678,0.0,0.1599999964237213,0.1599999964237213,0.5425000190734863
